TrialID,EventID,Loss
3,153,171046.81
8,80,342434.72
16,200,1523821.79
18,16,298588.19
21,196,135466.97
23,125,88370.55
25,83,648535.36
25,155,1336416.81
28,192,124871.5
29,65,787768.11
43,125,246760.68
48,153,608997.75
49,81,439889.07
53,196,123799.91
58,46,414264.43
59,83,381258.13
63,83,642933.69
65,65,559572.2
68,192,921648.36
69,125,296221.98
70,80,1621249.57
81,171,193701.24
83,84,451422.19
86,16,252833.9
89,83,2400311.77
93,65,737309.43
120,16,299182.66
121,24,2081390.29
123,24,317453.3
124,125,296020.9
125,125,257377.6
129,125,70820.82
132,155,254821.53
133,65,400360.83
145,65,93994.04
148,80,2173601.04
150,84,248967.9
151,196,175956.74
157,155,3646407.87
163,60,2747555.85
175,65,384071.13
186,192,113564.84
188,16,340920.19
194,155,776377.72
204,65,318535.59
213,60,246135.27
213,153,153205.74
218,155,437769.01
221,24,809117.33
225,84,1552436.36
228,16,58818.83
231,83,891998.33
232,81,276920.3
245,84,1097310.46
246,24,958464.22
251,84,932020.92
262,84,525248.76
273,80,419041.09
281,84,1616714.81
282,125,603766.61
287,24,160839.05
288,60,659946.24
289,24,8182085.95
292,84,1673450.19
296,171,825192.8
297,24,213150.71
301,84,611524.02
307,28,418608.42
308,84,329761.02
312,60,84971.36
312,125,75131.35
316,60,2585644.64
319,83,440197.24
324,24,1145818.74
324,155,1090445.93
332,155,1088649.2
333,153,982424.08
338,83,947695.61
343,83,2069499.68
343,125,263708.84
349,7,289139.63
354,196,250408.18
356,65,235886.84
360,125,133216.02
377,86,186352.54
379,65,1167563.4
379,153,269543.64
397,83,1744983.75
400,80,909547.48
400,155,635485.68
403,60,780316.96
414,196,807294.0
416,171,294816.18
417,125,313072.51
418,174,1455671.6
423,7,809696.76
430,81,424205.91
433,80,1317474.14
433,153,202624.99
435,86,469901.21
441,65,945580.53
442,60,762353.23
448,155,666154.31
453,83,1048744.01
464,153,460503.43
466,84,1660632.26
466,155,775191.76
471,155,51441.09
479,65,679474.67
479,174,402169.96
480,60,523713.11
483,83,1508192.96
488,84,507916.92
495,81,647102.27
496,86,172679.43
501,83,344483.21
504,84,1054040.51
505,83,359181.65
506,153,331144.27
507,83,1390065.09
508,16,217444.44
509,80,716663.97
514,60,308648.6
515,125,120114.78
522,65,541844.9
529,125,61328.65
530,60,7982490.48
531,155,1761097.65
532,200,4093596.97
534,83,661731.23
536,24,636334.15
539,65,180637.3
540,81,273956.27
556,81,70931.54
565,60,2344279.88
566,83,256172.49
567,60,190017.76
572,84,567395.06
574,174,321077.69
579,7,761163.87
579,83,716057.73
580,81,296297.21
583,81,1324825.9
588,153,293806.74
592,60,4350089.62
593,65,1695583.88
594,24,260013.14
594,171,686036.33
598,24,213558.48
599,81,1817954.95
599,84,291237.19
600,196,102004.88
601,80,1310732.36
611,24,50670.37
611,65,213810.66
615,84,1197923.39
615,155,665168.88
616,86,47820.35
618,81,277982.16
620,24,5119905.73
620,60,905876.53
624,81,533202.98
625,65,4024825.15
626,84,2296438.92
630,171,105395.67
638,16,197838.19
641,60,461528.61
650,83,740332.94
653,171,806654.49
656,196,702398.46
661,24,1585467.32
661,125,261046.82
678,125,390552.43
681,60,489816.39
688,83,858473.28
694,196,93092.54
697,84,385583.52
699,65,195474.07
699,125,130242.17
713,192,321764.79
717,80,758566.5
724,65,383374.48
735,16,681531.91
737,84,720816.22
739,153,198695.37
741,80,802431.21
741,83,312993.56
741,153,773847.5
748,155,111890.63
749,16,23341.18
755,196,303822.42
767,16,91745.09
767,84,1261388.31
772,24,420501.17
774,16,12566.26
775,16,304229.43
777,153,67224.07
778,155,2338707.51
779,125,165695.31
780,196,74029.18
784,16,136829.53
788,86,298986.31
793,155,838582.58
800,83,523345.89
804,24,171689.01
808,196,289305.27
815,24,3196488.66
818,80,1583258.69
819,16,34681.64
820,83,952795.61
829,84,1606290.47
833,80,863262.97
833,174,294431.35
834,153,3194345.13
837,171,669029.51
839,192,61539.2
849,84,400766.97
850,125,280887.78
850,174,37205.42
852,200,1593101.87
856,80,222719.76
857,125,338461.03
860,60,118035.85
862,65,395235.09
868,153,552703.59
884,125,63628.01
891,86,725616.01
897,65,417799.76
898,60,1544373.04
904,86,145389.56
907,171,762390.98
908,7,306726.21
912,84,717611.06
916,81,1548801.54
929,60,329695.4
931,60,468993.08
931,153,222830.86
954,46,96254.37
958,60,346790.79
959,125,353087.63
962,16,117129.18
966,81,556231.06
978,60,118301.22
981,80,757728.89
986,125,312721.19
988,155,314974.27
995,84,548462.25
997,86,219523.85
1005,171,737334.84
1012,83,923693.62
1015,60,1600852.59
1016,60,903769.92
1020,24,994222.19
1020,196,703748.33
1021,83,1357009.88
1023,153,364959.54
1023,174,152960.4
1027,28,4586297.32
1033,155,817871.6
1034,24,803982.38
1034,84,318280.23
1038,86,507885.1
1058,153,668775.87
1059,83,307897.6
1069,192,72861.27
1073,24,1956992.53
1075,83,2184549.07
1085,84,1625669.38
1085,153,542430.49
1088,125,356447.33
1090,65,254787.63
1096,16,351248.25
1097,155,963585.92
1098,65,2132033.45
1105,65,919342.27
1108,24,1657654.09
1116,196,445902.4
1120,196,326536.77
1122,16,276724.46
1128,196,264018.86
1134,155,1075498.19
1135,80,1494752.57
1135,174,780306.52
1138,125,162876.03
1142,155,68050.85
1145,81,1082418.78
1154,153,390987.26
1157,28,160498.4
1159,196,189279.85
1162,65,827766.09
1164,153,179616.75
1167,125,394128.37
1167,171,329043.1
1172,16,56845.19
1179,192,316564.77
1180,196,79427.87
1184,60,2769388.35
1187,7,791979.93
1188,80,1441080.97
1188,174,191865.23
1193,153,124526.52
1197,81,383910.23
1198,174,591204.85
1202,153,1100495.0
1208,153,337895.54
1219,24,327780.23
1221,16,171419.0
1227,125,738515.3
1235,84,423380.05
1236,155,995893.07
1243,28,474423.23
1244,60,1172693.25
1248,81,213946.4
1251,84,356698.47
1253,65,539537.52
1253,84,624175.87
1263,46,128297.38
1268,60,1949735.8
1272,80,1044813.19
1272,125,76304.84
1273,80,943947.81
1277,60,250852.16
1279,155,1383215.33
1281,65,239198.41
1282,60,3547939.53
1283,81,692137.74
1284,125,154985.87
1292,174,1666411.14
1298,83,588988.38
1298,192,175325.32
1309,24,1002576.46
1310,60,8193074.84
1314,80,959274.29
1321,174,27910.16
1329,81,738860.23
1329,155,497040.29
1334,65,741744.76
1336,65,697272.77
1347,46,223637.06
1350,196,226841.48
1358,155,647465.98
1364,84,235026.62
1368,155,1177122.14
1369,24,908747.24
1370,153,381775.57
1372,125,217406.93
1377,125,62533.64
1384,196,131372.02
1399,80,572435.47
1405,196,112329.01
1408,7,1744220.51
1409,16,145764.06
1409,65,1668521.88
1413,153,414666.18
1414,7,379970.13
1418,65,1731488.69
1419,83,548673.92
1429,24,1193247.46
1441,24,5234915.38
1448,60,3822992.73
1451,46,232449.25
1455,84,300379.0
1461,80,965043.16
1475,125,199530.01
1476,84,230166.14
1483,81,801503.01
1490,196,391654.37
1508,84,304881.34
1513,84,290034.79
1523,153,116855.11
1526,65,4253407.88
1529,80,704191.31
1530,16,225094.77
1533,155,288676.64
1545,7,823080.19
1554,80,691082.93
1560,24,2946655.12
1561,86,417904.03
1567,24,3968513.2
1569,65,730971.52
1574,86,353018.41
1575,65,694397.02
1590,84,735986.25
1605,153,1679227.9
1613,16,57198.94
1615,60,909598.94
1618,83,5539570.68
1619,155,419920.05
1620,125,348276.07
1623,60,201261.95
1623,125,485534.22
1624,125,340565.36
1627,60,1499258.04
1627,83,321361.2
1635,153,157267.44
1640,7,2412347.07
1642,84,1357533.75
1643,60,2100089.2
1643,125,380028.44
1643,196,796435.57
1650,196,243839.09
1651,125,249798.14
1652,125,272996.51
1659,84,527949.84
1662,83,914373.62
1667,24,275250.98
1671,81,384183.33
1680,16,272362.49
1687,155,209446.27
1689,16,30524.31
1690,80,373416.4
1690,84,241182.07
1692,171,86530.86
1695,84,1053470.84
1695,86,434709.0
1696,125,99583.39
1704,86,200143.58
1710,155,255224.42
1720,60,1355651.18
1720,84,933273.32
1733,84,665082.99
1734,60,6841924.05
1739,84,460284.57
1739,86,736978.51
1740,16,297279.06
1743,81,246092.41
1748,86,84944.3
1758,84,459346.1
1759,84,699713.7
1763,24,1549156.71
1766,171,1015920.2
1774,24,674322.21
1777,83,784210.21
1783,80,1239869.6
1786,80,769016.79
1789,196,92002.47
1790,84,289728.67
1794,84,232791.6
1795,83,732983.46
1798,60,3948692.55
1804,83,173973.37
1805,153,523111.33
1814,28,444443.15
1815,65,867510.91
1819,155,1680906.56
1822,125,602489.95
1823,196,425741.74
1831,24,8182085.95
1834,65,412393.77
1835,46,466544.03
1835,155,862283.49
1836,80,926103.24
1836,155,582961.01
1842,155,1707787.23
1843,153,137852.18
1846,24,3116956.9
1863,80,546558.54
1875,24,1706704.85
1882,196,711090.16
1883,196,81840.14
1886,196,162912.08
1888,24,1092453.97
1893,153,857119.2
1893,174,418568.33
1896,86,346406.45
1901,171,214037.43
1902,7,418666.01
1902,125,211796.45
1904,46,304552.17
1908,65,471818.58
1911,65,985068.73
1918,196,104277.44
1934,153,136464.88
1941,81,222208.49
1950,196,133546.93
1952,60,1812005.67
1952,125,106132.69
1959,24,186340.37
1963,24,541121.73
1966,83,948492.8
1967,196,124824.76
1982,155,4289955.72
1988,16,156809.58
1988,24,975804.54
1988,65,258692.22
1989,65,2093792.7
1998,84,1244966.88
2000,192,24245.89
2003,153,466229.12
2005,83,939562.18
2005,196,2211369.26
2006,192,102638.26
2008,24,7338924.55
2015,65,956404.25
2029,86,125919.16
2032,80,1672750.61
2033,200,1962280.27
2044,83,784228.13
2048,153,541313.69
2052,65,697975.79
2054,155,637741.34
2055,84,243468.98
2058,155,508009.36
2061,84,459454.57
2062,24,1460825.85
2067,28,1956406.03
2069,80,2011049.72
2074,65,1351167.12
2076,153,94586.4
2080,174,364416.9
2085,86,77985.61
2089,192,106638.89
2090,24,728581.09
2091,196,345914.93
2093,24,804297.61
2097,125,385360.18
2098,174,583489.12
2103,24,302530.98
2104,65,166067.92
2118,171,214382.4
2119,7,1700780.24
2121,83,323784.52
2128,81,138237.96
2141,86,586083.02
2147,7,319328.52
2148,153,1339105.82
2151,65,784908.32
2159,80,200581.29
2163,84,421051.69
2166,46,178267.13
2185,24,2934495.79
2190,83,972314.81
2191,84,503869.64
2191,174,321010.99
2196,153,520443.69
2202,153,627621.54
2208,84,1265928.07
2209,84,365496.14
2220,155,430555.16
2230,65,120908.56
2232,125,289431.54
2234,81,1949904.96
2235,24,483139.68
2240,153,4843793.93
2244,24,160618.84
2248,83,682497.71
2251,65,213704.82
2260,83,159646.68
2260,84,450682.36
2267,65,433397.06
2268,84,2964819.3
2273,153,1016625.79
2282,24,845699.18
2282,125,100787.35
2283,24,616124.47
2287,60,133708.14
2290,84,1698185.44
2304,65,494222.86
2304,84,404791.47
2304,196,185266.97
2306,155,1225869.05
2308,24,1047762.88
2318,24,181014.98
2327,171,152997.5
2328,125,180619.78
2335,125,389143.03
2339,84,596353.04
2343,125,133029.69
2343,153,302382.69
2346,83,1828685.85
2351,196,557816.33
2356,84,822882.09
2358,83,2387005.41
2369,7,1155591.06
2370,155,318917.69
2370,192,194113.31
2388,65,206877.82
2390,125,511118.04
2403,60,1866647.07
2403,125,284838.29
2405,16,108838.1
2409,24,1004081.85
2412,192,202341.97
2420,155,605904.83
2425,84,152603.35
2427,60,8193074.84
2429,24,691587.45
2429,80,788920.22
2439,153,354212.06
2444,24,1164174.02
2447,153,360805.6
2453,24,3631781.85
2456,60,215011.9
2461,65,525213.44
2465,60,887739.99
2470,125,153390.01
2477,84,199927.82
2479,153,194035.55
2481,65,307467.0
2484,60,1316910.13
2496,192,230847.25
2499,60,806580.88
2500,125,493114.65
2507,60,1323219.42
2510,24,4834707.46
2520,60,644035.67
2531,125,271775.44
2532,125,256259.85
2540,153,3434577.07
2541,84,469990.16
2545,81,749918.4
2545,171,411727.17
2554,83,2249701.4
2555,7,954856.2
2567,65,313619.15
2567,125,205536.26
2567,155,5961223.0
2568,196,53527.48
2573,174,81589.93
2581,65,159584.21
2584,65,545620.81
2590,125,459852.47
2595,84,596277.9
2611,16,153147.99
2611,83,605771.95
2614,171,277078.09
2623,16,225284.31
2625,155,272130.1
2631,196,50100.81
2645,46,570494.47
2646,83,1896973.4
2650,60,1973348.53
2650,81,225726.35
2650,155,3553717.38
2654,83,2071296.28
2658,83,516302.05
2659,80,802613.08
2661,65,839797.06
2663,155,1936487.43
2671,196,301723.82
2672,7,1734547.14
2673,153,1265403.22
2685,80,279736.05
2689,171,333937.13
2692,16,75534.22
2695,65,1677671.86
2699,60,691937.97
2703,80,842036.77
2705,81,523619.72
2714,65,483998.29
2715,125,179965.04
2719,81,270033.98
2720,84,634530.9
2721,153,169291.44
2725,28,641976.7
2727,16,40524.75
2727,65,802968.38
2727,196,604300.34
2737,60,8193074.84
2743,46,82351.94
2759,80,349552.58
2764,125,303992.2
2769,16,248799.04
2769,174,57096.96
2777,24,813045.15
2777,65,128636.28
2783,60,1059461.23
2783,83,425622.81
2794,65,505098.86
2796,65,947021.14
2796,80,1490191.33
2801,83,409322.57
2802,60,2748225.68
2807,16,30350.65
2809,60,8193074.84
2837,65,1178945.78
2841,65,585712.01
2842,65,269865.11
2845,153,329232.96
2847,125,1145741.02
2850,84,848311.09
2855,65,493481.22
2858,46,391149.21
2864,81,459554.78
2865,80,1506185.71
2878,196,316434.86
2883,16,230892.39
2886,155,193446.99
2889,65,1209087.8
2891,84,1119819.84
2894,84,314127.3
2895,196,161272.22
2900,153,304554.45
2904,174,117999.37
2933,28,1823324.29
2934,80,796952.53
2962,83,179874.27
2973,16,46051.67
2974,171,475376.64
2978,196,854234.53
2980,155,96895.91
2987,60,274495.87
2995,80,524438.19
2995,196,167690.84
2997,153,348303.51
3003,65,319535.3
3004,46,176531.01
3006,83,412366.06
3021,192,151335.59
3024,24,269206.81
3025,84,773159.78
3026,83,283344.42
3026,86,109427.78
3037,84,409377.22
3048,171,1003742.84
3054,46,284648.85
3056,174,118867.39
3058,155,590698.33
3059,16,131825.77
3059,171,96541.27
3064,153,352478.6
3066,81,263698.22
3069,81,455821.92
3070,60,482569.86
3071,46,213016.87
3071,86,205887.41
3076,28,1144515.11
3076,80,1198091.61
3089,155,364711.37
3101,84,293553.68
3106,60,824438.75
3119,155,1338517.06
3120,171,48286.11
3122,16,141030.68
3122,196,340292.89
3136,192,190355.96
3138,7,1155539.88
3138,24,2152901.2
3146,196,146238.21
3150,80,1341005.81
3163,65,1564369.05
3165,83,1022312.47
3171,84,213385.73
3172,84,750782.16
3179,16,184925.98
3186,153,198306.67
3187,125,197943.21
3189,155,2311466.78
3190,192,71700.23
3197,80,687019.91
3201,65,864594.68
3202,155,336255.34
3207,174,102062.16
3210,196,2089556.24
3213,84,1019203.25
3221,60,813144.19
3222,65,1021189.09
3230,155,426928.69
3232,125,260479.41
3233,65,542859.23
3238,196,495278.74
3245,153,694749.86
3251,60,1293538.68
3255,81,535119.1
3255,125,144707.31
3256,60,1057815.72
3261,200,1861794.2
3270,65,648795.16
3272,81,231877.93
3272,83,1107266.4
3273,196,646663.52
3284,84,1151109.24
3288,7,1073497.06
3291,153,434028.04
3302,125,177819.85
3304,80,548528.78
3313,81,668979.79
3318,65,290463.92
3320,80,501702.27
3320,83,2252382.43
3324,81,1111193.85
3325,192,188118.3
3330,84,1099430.19
3338,125,270106.24
3349,196,184693.97
3353,80,842548.19
3354,153,302807.21
3362,60,969538.6
3364,174,1060054.59
3365,125,178008.63
3368,65,374113.54
3369,81,1142758.03
3375,80,1081532.13
3379,80,435208.23
3381,16,21905.76
3384,153,2044220.26
3388,80,586266.02
3390,65,279039.89
3390,81,132494.32
3394,24,1254550.19
3395,125,348345.56
3400,65,439784.56
3400,125,385054.12
3400,155,3153709.5
3400,171,332805.29
3401,24,606279.61
3401,60,656045.67
3405,200,1200052.9
3414,171,808241.5
3418,65,165293.26
3420,24,106735.45
3424,125,146765.46
3427,86,240851.4
3428,155,570177.27
3433,65,433165.24
3439,60,2009858.84
3440,192,366932.26
3442,196,556585.73
3446,84,2445182.23
3451,153,652592.84
3455,155,322646.59
3456,80,1809496.35
3465,65,101401.42
3472,81,708460.67
3473,153,4418703.4
3482,81,594661.77
3483,196,191387.08
3484,155,3455147.09
3493,125,221894.58
3494,60,8193074.84
3501,125,289048.65
3504,83,653713.37
3512,196,192283.29
3514,60,536028.72
3514,153,156189.52
3521,24,891888.28
3523,84,421896.06
3524,16,97974.49
3528,125,288211.05
3532,83,486660.16
3537,24,1413503.31
3540,65,511207.88
3540,83,450576.27
3544,84,679193.24
3545,24,761614.93
3555,84,581774.05
3555,125,311164.62
3555,171,805962.23
3558,46,204527.26
3558,153,402979.81
3560,81,486008.21
3561,80,1902496.23
3564,84,440392.81
3572,196,131588.19
3578,16,328859.28
3585,200,756997.17
3589,83,666090.06
3592,80,600113.24
3598,81,1007130.99
3602,84,583888.08
3606,80,395306.0
3610,81,365645.99
3614,80,1673277.67
3616,83,366378.03
3618,80,641572.88
3620,80,902513.94
3634,153,2082053.22
3640,80,1240561.45
3646,153,470995.33
3654,80,2687777.12
3663,84,410470.89
3665,196,173486.37
3670,155,2651511.64
3671,125,271884.7
3675,174,55987.23
3678,84,560012.24
3678,192,17106.08
3684,125,113179.18
3693,60,3587404.52
3696,7,1041459.9
3697,16,49074.73
3697,171,822782.22
3699,65,2006948.29
3701,46,318815.3
3703,155,2490508.15
3707,24,1998182.08
3710,60,3303839.17
3711,174,46475.2
3722,46,694036.74
3724,153,744292.79
3726,80,1314469.37
3727,65,928607.66
3732,80,2426909.99
3735,192,53543.24
3737,125,584846.1
3748,155,73517.91
3752,60,4876748.75
3762,60,1224427.22
3762,80,386031.69
3763,65,290623.31
3764,153,104742.19
3767,80,353907.61
3773,81,696416.94
3777,153,1338789.49
3786,24,1800834.93
3787,83,147664.96
3795,83,1012935.52
3799,155,1651190.95
3804,125,262563.01
3805,16,30951.09
3805,83,880985.77
3810,83,218518.03
3811,80,1613417.89
3813,65,909533.31
3813,153,5407443.1
3820,196,360159.48
3821,153,4800020.23
3824,153,688738.14
3828,84,524819.08
3832,171,621304.63
3839,65,350045.43
3843,125,687526.73
3871,46,120546.74
3880,200,618333.16
3886,153,1485949.75
3891,7,913991.14
3901,84,205968.86
3902,65,258378.69
3902,125,204887.97
3904,84,371235.84
3909,16,73398.6
3914,7,1759992.25
3915,65,138207.78
3916,46,202806.17
3926,16,42509.4
3929,84,711918.71
3930,125,133171.62
3940,7,602496.28
3940,192,118955.99
3942,16,193110.73
3942,65,404918.6
3945,84,774565.35
3949,84,369011.81
3956,24,1125130.8
3958,24,135326.88
3962,155,456957.38
3967,155,941097.8
3968,80,1363359.68
3974,83,694186.85
3976,65,114320.99
3977,171,1465952.08
3982,46,356541.03
3985,83,1770467.22
3997,125,626751.97
3999,24,3843176.5
4005,196,709309.6
4009,155,5580171.77
4010,171,215751.88
4011,174,172915.11
4018,46,430854.83
4032,83,1083315.43
4033,174,116043.55
4034,83,1334670.76
4036,171,392838.17
4037,46,358808.51
4038,86,881620.49
4042,24,2982219.2
4053,84,342893.53
4067,153,492825.82
4070,125,252932.41
4072,65,355560.79
4081,84,338494.95
4093,24,535481.68
4093,81,273336.37
4094,65,1568352.53
4096,153,929574.25
4098,125,250505.9
4099,24,1747418.57
4099,196,107983.88
4103,84,521750.04
4103,155,116797.55
4105,16,141276.55
4112,24,8182085.95
4118,84,472983.66
4123,84,675898.71
4124,16,86335.43
4138,153,148541.24
4144,80,501286.99
4144,86,186969.28
4147,65,1736998.7
4152,24,2294551.31
4154,84,757310.87
4157,60,1083720.46
4158,7,914100.64
4158,65,646211.15
4162,86,246866.68
4170,153,1382447.2
4174,60,1594410.39
4174,80,2939495.0
4179,153,177211.08
4184,80,261003.09
4188,81,113885.03
4193,80,422536.6
4193,155,393446.87
4202,65,170262.25
4214,28,1114522.43
4221,192,207277.85
4222,65,1597988.33
4226,153,685018.52
4228,84,732815.35
4233,80,1609269.41
4233,83,1034805.75
4233,171,683823.89
4235,83,424579.54
4237,192,84599.64
4245,174,987257.58
4258,65,670541.95
4261,196,509412.47
4263,65,120487.07
4265,65,960593.68
4266,171,663518.47
4267,125,157236.4
4277,65,241666.61
4284,84,1102180.05
4285,60,1282454.2
4287,153,200728.17
4287,155,1597670.07
4288,84,862449.72
4295,65,105340.11
4304,46,242700.8
4305,46,705893.28
4307,60,1009458.08
4307,80,204287.98
4321,155,36585.66
4327,65,513486.92
4331,155,3945052.2
4334,81,804596.77
4341,7,1120699.14
4341,80,1061658.71
4353,84,1278344.15
4355,80,460209.74
4361,155,1099988.51
4378,153,1231547.6
4381,65,361242.86
4382,174,381388.13
4384,125,197557.73
4394,153,879581.73
4399,86,139521.16
4401,60,1242665.59
4411,125,579205.06
4412,65,532869.42
4413,65,216553.34
4413,84,517920.47
4420,196,159659.76
4421,60,213312.67
4422,24,1374466.43
4437,200,401820.49
4440,24,375278.63
4441,192,103537.88
4452,24,6747562.08
4455,65,673985.03
4469,16,143383.25
4471,83,6266794.13
4475,60,1974141.63
4479,80,602305.75
4485,46,710516.46
4485,125,591957.92
4487,83,681512.04
4490,192,31763.28
4496,171,465148.35
4497,24,322091.57
4500,16,26670.8
4501,60,701781.66
4512,65,255549.22
4517,153,577792.34
4524,80,606552.88
4528,153,1401789.6
4530,155,1886899.35
4534,192,97956.23
4547,24,1219506.44
4555,80,1250877.73
4563,155,762180.04
4567,65,308450.85
4569,24,882558.82
4569,196,293916.52
4574,81,226519.22
4576,80,736723.86
4581,24,779287.0
4584,80,371406.24
4585,155,7577851.39
4592,171,389914.29
4596,7,156295.03
4600,28,364303.58
4602,65,662284.74
4609,80,288885.87
4609,153,1179648.19
4609,196,226804.52
4613,46,99852.68
4614,155,810849.44
4624,65,128669.55
4631,24,429685.25
4633,80,549611.96
4638,28,475941.58
4650,7,708507.37
4650,83,1237869.83
4654,192,160996.96
4656,83,435059.08
4664,65,314602.17
4666,84,1217844.77
4674,153,1580146.27
4682,196,287016.43
4683,84,2607341.99
4691,86,346290.71
4691,155,637507.11
4692,24,2373443.19
4700,65,433516.24
4701,81,158851.46
4703,171,1035392.28
4712,80,598678.45
4712,125,413332.31
4714,84,1117229.33
4721,24,518294.99
4726,155,421963.53
4738,16,29286.9
4741,60,592736.46
4742,83,952223.12
4746,16,24107.08
4754,196,277711.54
4766,65,527403.3
4766,125,113728.88
4777,60,834966.37
4778,83,382570.18
4778,155,313652.7
4791,60,295502.61
4794,155,158189.57
4794,196,249888.55
4799,60,1130953.01
4803,7,2125509.24
4804,80,225919.64
4814,84,969665.01
4820,153,72670.75
4833,24,588474.26
4835,81,424919.78
4837,174,204058.54
4845,28,722319.0
4848,84,609414.93
4865,80,688995.82
4866,83,226824.95
4871,84,983615.48
4872,24,1744459.19
4873,81,139114.93
4874,153,269476.52
4877,84,1096045.43
4877,155,1271974.43
4885,28,925669.28
4887,16,54803.19
4888,84,120301.95
4891,192,46393.87
4894,83,1230577.43
4896,171,617258.32
4902,65,287453.35
4904,155,1305413.59
4908,86,191685.71
4919,196,344763.85
4933,24,246491.85
4934,84,469548.08
4940,155,533816.18
4949,60,1838797.14
4953,125,339409.08
4954,81,842304.33
4962,153,481401.5
4975,155,246496.8
4983,80,1158993.52
4991,196,197481.75
5000,16,80336.28
5003,84,698251.18
5006,83,1972058.57
5007,171,276187.29
5010,24,703795.93
5014,28,1677545.25
5017,65,122525.54
5022,171,239203.41
5024,86,508958.75
5026,65,309790.01
5033,80,910455.62
5033,125,283877.53
5036,24,438474.4
5041,24,3402715.68
5050,16,155152.93
5054,60,108669.62
5054,196,520541.59
5057,155,1017814.91
5078,155,1076676.99
5093,81,958980.63
5094,46,145060.59
5094,192,104673.19
5094,196,243790.29
5096,65,1221852.73
5097,171,72765.99
5100,81,973289.55
5101,171,92782.9
5107,24,3093552.92
5115,84,263430.52
5124,84,421561.1
5138,65,2074747.9
5147,60,5264378.36
5172,171,714291.87
5175,83,1140496.18
5176,65,1925503.0
5179,153,818288.31
5193,196,58777.82
5194,80,1367147.91
5196,65,1791435.92
5209,46,112639.75
5209,65,151388.93
5211,125,245129.07
5212,125,328906.4
5224,24,8182085.95
5228,16,50547.12
5231,28,796632.69
5231,60,548058.27
5242,24,508843.4
5245,83,930317.76
5246,171,729448.63
5248,83,165378.86
5262,65,219350.9
5262,125,158716.92
5263,60,1252300.76
5264,81,100010.24
5270,84,719090.09
5290,60,2988290.47
5295,125,213512.16
5296,80,1232976.92
5296,196,206274.03
5307,24,174357.04
5318,24,2126945.04
5318,155,717540.34
5329,125,130759.05
5339,196,126606.9
5372,153,345233.78
5375,46,612898.48
5377,60,1124206.17
5387,80,1330038.31
5388,24,637291.76
5390,28,2381749.27
5394,155,129448.93
5403,84,1030110.11
5406,65,106615.25
5408,80,3166592.44
5415,86,202752.46
5420,65,1981863.44
5429,196,178272.62
5434,80,734220.03
5446,7,188501.35
5467,171,959218.28
5468,83,1660292.29
5472,196,81267.46
5474,174,390059.91
5479,7,381861.54
5495,174,7544.01
5496,155,3713725.73
5498,86,47164.81
5507,83,1800750.32
5516,16,112265.71
5516,153,289283.66
5519,83,1316784.35
5535,196,256546.58
5539,24,981532.56
5547,84,653370.15
5551,80,333507.17
5552,16,137894.11
5555,80,1157919.24
5556,60,2839063.62
5556,125,283814.64
5562,60,588558.18
5570,125,186733.75
5571,60,3488617.63
5571,83,661999.81
5573,196,792648.28
5574,81,4291818.71
5574,125,241127.59
5580,60,44222.91
5581,80,1488819.43
5587,153,207731.62
5590,24,1230034.18
5595,83,1152225.01
5597,125,221880.82
5605,125,136975.85
5606,196,73729.99
5614,86,193400.0
5617,196,277504.39
5624,24,1535682.19
5624,125,293228.57
5625,16,92552.75
5628,153,905199.45
5637,24,1725003.7
5642,155,123580.71
5647,125,401271.85
5649,28,581714.42
5654,80,1162875.98
5657,65,1658630.53
5661,65,348559.51
5661,153,238212.3
5664,171,162356.54
5666,83,1140732.95
5668,80,905994.34
5669,83,1717231.62
5677,84,704814.48
5678,174,115990.47
5682,86,546420.79
5688,65,382222.81
5693,86,367456.77
5706,84,194893.95
5708,84,587599.94
5711,155,1391850.91
5724,153,337204.69
5731,65,664560.19
5732,60,1840536.62
5732,155,1168611.73
5736,24,898875.11
5738,84,756836.88
5746,171,540544.39
5748,155,1398859.06
5752,153,712532.8
5757,86,512940.25
5758,46,53315.07
5761,24,2330276.88
5780,155,1418398.3
5801,125,123423.55
5805,65,908748.89
5806,155,214625.17
5807,155,298496.28
5811,60,680093.02
5823,24,500527.48
5827,153,2661934.44
5828,155,476981.9
5830,83,621286.02
5837,196,652010.35
5839,65,445682.69
5841,86,1105562.01
5848,7,990430.93
5852,60,612454.14
5855,171,275493.17
5857,171,824238.89
5860,65,378298.5
5872,171,850658.04
5879,16,46443.73
5880,86,298889.03
5881,125,215249.43
5896,7,1263419.06
5899,125,61887.97
5902,65,374530.93
5902,86,465918.63
5910,171,26632.93
5924,153,199392.5
5928,24,1598892.92
5930,60,1217484.19
5932,174,650363.62
5935,65,395088.99
5940,192,154379.04
5949,80,591591.79
5950,80,316177.92
5953,153,197002.02
5959,86,327786.71
5979,80,621670.31
5980,80,783940.65
5980,84,316577.78
5980,125,143614.8
5990,24,181071.92
5991,125,325991.08
5995,80,1469098.59
5999,84,452451.45
6000,65,1323117.06
6000,83,6266794.13
6004,153,2648162.54
6019,196,93429.62
6023,155,94189.21
6027,24,2757137.67
6030,192,60850.2
6031,171,452162.25
6032,24,1274472.37
6036,24,171108.24
6047,80,497516.64
6048,46,224387.76
6060,83,5692158.61
6068,60,533357.75
6090,192,249572.64
6096,83,1023918.66
6097,65,765669.09
6098,125,89650.35
6102,60,166042.97
6102,80,473318.17
6115,153,647172.14
6119,86,1207969.85
6124,125,516211.34
6126,24,2734731.28
6129,153,324650.07
6129,174,90675.13
6134,174,34664.85
6137,84,1276203.13
6150,60,1643484.14
6155,7,2607397.52
6156,81,292571.3
6171,125,191855.34
6180,83,2125676.73
6184,153,1619329.13
6188,16,23934.15
6188,60,5347714.92
6190,86,513272.19
6191,125,291887.72
6201,83,276893.58
6204,192,33350.34
6206,24,324432.91
6211,60,342545.79
6212,155,1388169.6
6214,60,2882436.74
6217,60,1588477.82
6220,80,1149865.16
6222,83,282035.45
6223,125,103924.38
6228,24,4001858.4
6229,153,954346.57
6232,81,473764.6
6236,83,633545.75
6247,153,369920.95
6263,60,227953.92
6268,84,311782.65
6273,153,838974.26
6273,192,136591.37
6275,153,503743.78
6276,24,726308.31
6276,155,883065.11
6280,153,484233.66
6289,153,476509.84
6289,192,21570.29
6291,83,1776923.82
6296,125,581170.16
6297,155,1309806.5
6305,24,259536.17
6305,153,42528.42
6312,196,129729.81
6313,84,1776878.91
6317,86,685466.65
6320,86,263185.74
6324,125,123047.23
6328,171,1052195.83
6332,125,143098.89
6341,125,92015.71
6351,24,479120.78
6360,46,92059.75
6361,7,1953822.84
6365,153,199297.07
6367,65,522526.39
6368,125,161838.0
6368,196,64724.31
6369,28,2250442.73
6384,153,1053930.26
6385,65,1349444.03
6388,86,68030.25
6391,171,372961.7
6395,81,309844.34
6397,84,694500.33
6404,80,326552.59
6418,84,1043841.2
6426,153,888811.67
6428,84,594228.56
6431,83,944304.85
6450,83,238880.47
6468,24,669195.26
6468,83,1856419.11
6471,83,156016.4
6478,84,513006.32
6478,125,215819.45
6480,24,260327.07
6496,24,1501170.15
6497,60,209790.15
6499,192,94848.81
6505,24,590908.96
6506,80,604225.37
6508,84,805317.29
6509,83,1556549.33
6512,28,741590.51
6515,84,649877.88
6520,125,157609.96
6526,153,101350.84
6531,60,249406.02
6535,153,220751.61
6560,60,250675.3
6566,155,297772.38
6585,84,178183.0
6589,125,872427.55
6600,125,283804.62
6600,196,265610.25
6604,192,140324.43
6613,80,410594.73
6615,80,263071.45
6615,174,117931.52
6628,196,189408.03
6631,7,927414.41
6631,16,46960.75
6640,60,180858.73
6646,153,1990943.72
6650,80,494969.5
6655,65,167845.17
6658,60,230547.26
6680,192,414731.24
6687,83,2146471.44
6700,60,926991.5
6703,84,1531074.56
6703,155,1199214.83
6712,81,979730.58
6712,196,2153920.11
6716,65,218875.09
6716,153,105575.67
6716,196,96755.69
6718,155,2144876.52
6721,7,155383.99
6727,153,236084.91
6728,174,256139.84
6731,7,657853.97
6739,80,728458.57
6747,196,2921556.39
6750,155,328213.18
6752,65,150614.75
6753,84,1545619.6
6761,84,596015.76
6765,24,132308.39
6770,80,565924.47
6775,65,213823.93
6778,83,6266794.13
6779,83,1106191.89
6780,153,5407443.1
6783,65,728003.18
6786,153,163525.34
6790,60,1348868.88
6799,83,161896.24
6802,125,229792.09
6802,153,351352.15
6811,155,385613.98
6814,125,198606.59
6816,83,375057.3
6825,153,776667.47
6827,125,237195.93
6830,125,204127.35
6832,192,166006.57
6836,60,8193074.84
6838,83,436868.96
6844,196,1641253.26
6845,196,53643.7
6846,192,227869.13
6850,16,9754.12
6851,80,1212945.82
6854,16,285982.62
6864,171,1078242.56
6871,60,1953701.3
6873,60,2769673.23
6873,153,602433.39
6876,125,373554.3
6887,65,424119.94
6889,28,585011.53
6889,196,78708.6
6891,171,356035.75
6893,24,2152118.83
6898,125,259508.4
6899,125,147919.04
6912,65,318146.76
6918,155,1010857.08
6921,155,880381.18
6923,60,3851957.68
6923,153,83457.17
6930,83,361049.14
6945,153,509888.57
6950,83,1339896.04
6953,65,352481.88
6954,80,536742.31
6955,65,235160.77
6957,16,57883.48
6957,46,114251.16
6960,196,101389.5
6965,153,1358079.73
6969,192,352830.51
6974,84,325515.24
6974,153,1495604.06
6981,24,555717.06
6982,153,172627.95
6986,83,2877081.32
6999,125,312621.7
7000,60,552818.3
7012,125,146679.7
7024,125,219344.78
7033,65,1306074.33
7038,84,1733135.62
7042,84,961332.79
7044,155,485832.03
7047,83,419543.29
7048,46,346758.33
7063,80,728363.23
7067,196,16745.5
7069,80,634861.33
7070,83,1394091.05
7080,24,430623.25
7083,125,211217.7
7086,155,138540.83
7092,84,1055027.81
7093,60,942897.45
7096,46,422842.29
7098,84,244983.89
7107,81,341153.9
7111,155,678281.42
7117,155,575115.85
7120,7,300581.17
7121,24,33171.81
7127,81,362257.16
7133,80,1033770.25
7135,16,306009.32
7137,125,107374.25
7138,192,84145.0
7146,153,120357.49
7151,155,556587.32
7157,16,151155.41
7162,155,427167.81
7164,83,915728.18
7165,84,542735.48
7168,153,282548.84
7170,153,156759.51
7175,80,1829792.58
7177,125,208070.66
7180,83,6255475.17
7181,174,147967.43
7186,153,1837546.11
7189,125,295707.72
7189,155,563935.7
7193,171,933932.34
7196,80,1898622.13
7199,83,1193594.98
7201,60,4168088.71
7203,24,458995.18
7209,80,1005234.98
7212,84,358592.91
7213,125,564024.37
7220,155,442709.22
7221,81,1833753.0
7240,16,61203.95
7245,192,133984.16
7249,196,711560.19
7252,65,1740243.98
7255,81,452551.64
7256,153,173767.09
7261,84,518396.33
7268,155,210274.11
7276,83,830403.54
7279,81,453717.53
7281,83,6266794.13
7285,155,1638793.86
7285,196,147106.4
7286,84,579591.87
7294,200,3564217.35
7298,84,1306516.85
7300,60,1098022.12
7303,7,368532.54
7305,196,692181.25
7313,153,170517.27
7320,84,186497.61
7322,46,335691.92
7329,171,317270.15
7330,83,1109770.17
7333,24,5642011.42
7347,83,1305077.98
7353,83,1061689.16
7357,24,2558108.0
7358,155,427394.3
7362,65,398938.96
7372,83,1091239.05
7379,65,96931.29
7381,125,44653.19
7384,174,186715.89
7385,60,1365781.49
7409,171,70862.2
7412,153,1217854.28
7418,46,184153.72
7421,65,1548024.97
7430,84,530608.72
7434,153,299792.87
7435,65,709482.9
7441,7,204631.41
7442,24,1922726.29
7442,46,44609.11
7447,86,164784.31
7447,155,2094627.27
7448,65,424321.42
7454,84,425594.3
7456,84,325427.34
7461,174,317331.36
7463,155,228917.67
7469,171,321083.51
7471,16,17335.62
7473,24,341877.01
7486,155,1592445.19
7489,46,184388.99
7489,65,566483.87
7492,83,1503136.74
7492,155,276191.99
7499,155,7577851.39
7507,192,179521.83
7514,65,1174658.27
7519,155,679413.53
7522,84,821387.14
7526,65,264828.61
7534,125,147953.06
7537,83,1795480.08
7538,171,624664.03
7556,83,866139.26
7558,84,1384954.45
7564,16,22134.55
7566,200,678175.36
7575,65,400216.32
7576,83,149239.86
7578,24,3743742.16
7582,84,744623.51
7585,24,671887.74
7595,153,2547929.36
7603,7,1812791.05
7603,200,2028773.79
7613,80,2295813.45
7615,155,1232371.18
7620,83,1153207.11
7635,83,496570.17
7638,155,833591.33
7640,80,533841.88
7654,155,274837.62
7655,65,316339.74
7660,83,406345.11
7662,46,254867.05
7663,16,42482.44
7671,125,573109.21
7684,153,211765.39
7690,192,921648.36
7691,24,583476.46
7692,153,410275.01
7699,65,616655.74
7706,192,72009.61
7709,60,487531.34
7722,84,593090.04
7734,196,23093.38
7740,65,628252.9
7740,174,813666.05
7746,153,322005.82
7749,60,2941710.95
7749,192,315223.46
7753,171,651982.85
7755,171,175930.53
7762,60,393800.64
7773,86,562547.45
7789,125,233775.22
7793,80,460061.67
7793,125,58702.65
7796,196,70207.47
7798,200,449287.5
7811,83,1135106.67
7813,155,643776.03
7827,60,480991.88
7841,60,1510653.51
7857,65,216279.22
7858,196,518618.43
7861,155,245035.13
7869,153,76397.73
7871,125,342235.22
7876,125,426350.36
7879,65,191876.99
7889,80,688878.07
7896,171,167435.72
7901,125,260018.37
7903,153,2165039.93
7905,84,401511.76
7906,65,467201.94
7906,153,1049399.83
7907,80,1170014.38
7908,192,152425.6
7909,84,800182.56
7909,174,100900.81
7915,80,664966.72
7922,80,1289491.02
7923,16,125880.79
7935,155,1186608.99
7941,60,138821.72
7941,125,457533.12
7942,153,699548.0
7949,24,1059568.45
7953,84,360696.58
7953,196,180110.79
7956,60,2969490.36
7956,65,35985.04
7958,153,636806.87
7965,80,650200.47
7966,153,309494.25
7972,153,2600547.72
7974,125,152414.19
7976,125,51997.15
7978,83,852472.55
7982,192,124200.52
7983,80,451985.96
7985,155,535487.85
8003,125,100552.42
8003,153,908010.05
8004,83,387401.52
8005,192,123136.33
8006,171,1151924.93
8007,80,445753.99
8008,81,183087.21
8011,171,281118.53
8017,80,427629.68
8021,192,78619.88
8025,24,479816.04
8029,46,499493.3
8032,196,254329.74
8042,80,2705821.2
8049,65,2094503.88
8050,83,3340608.2
8055,84,377091.34
8055,86,100416.76
8056,60,2086198.5
8062,125,154530.04
8063,80,627142.25
8066,153,338808.36
8071,83,194339.18
8084,84,668152.79
8085,84,2134937.36
8088,196,1051898.38
8089,171,132598.71
8090,125,181435.84
8094,196,676082.92
8096,174,171349.82
8100,196,131510.35
8101,125,201601.52
8104,65,243265.55
8112,86,255155.56
8114,196,417159.99
8122,24,1285218.51
8123,86,506602.92
8132,81,523772.32
8136,153,165544.61
8144,16,7029.91
8152,84,252117.45
8153,125,55161.69
8155,24,133908.67
8155,125,188510.58
8156,125,235232.47
8161,84,357440.72
8161,155,765928.7
8162,153,285950.46
8164,65,860874.88
8164,125,235232.02
8166,7,1130301.67
8170,80,571564.12
8171,16,287751.28
8171,84,562893.31
8173,153,939775.33
8188,28,1467250.01
8189,84,484200.51
8192,16,266781.56
8196,65,282243.08
8200,153,75260.29
8207,155,252280.26
8209,65,394774.19
8233,7,1960541.86
8234,60,1353634.66
8236,155,305138.0
8239,155,1256492.23
8241,60,454255.86
8245,155,916167.14
8248,60,887836.32
8255,24,330653.35
8263,80,470683.51
8272,155,186217.66
8273,24,282323.83
8274,84,498349.04
8285,192,137595.99
8288,153,301773.89
8297,83,1679924.55
8298,60,536872.85
8304,196,129658.22
8306,60,3671433.31
8308,196,872261.13
8314,60,4591305.47
8319,24,2328214.45
8335,24,295439.68
8340,65,338958.21
8349,174,355672.84
8355,24,1041579.13
8356,84,276387.99
8359,80,921366.74
8372,65,1509707.18
8373,16,850470.49
8373,24,363700.22
8374,65,623751.21
8377,80,452192.0
8379,24,1126517.17
8381,16,106510.66
8382,83,518436.17
8382,192,284978.35
8384,153,367857.15
8400,125,128505.08
8401,16,17064.74
8410,153,310892.98
8412,153,168731.54
8414,192,78436.81
8416,60,1510392.83
8420,80,1881477.72
8430,83,320986.62
8433,86,1127221.36
8436,153,1006097.36
8444,46,134531.1
8448,24,2088718.8
8451,155,647920.22
8453,60,507141.31
8454,200,4859650.66
8458,7,2270007.56
8461,192,34769.71
8467,84,685318.24
8471,65,216124.31
8475,80,386296.03
8492,65,972093.26
8501,46,179353.56
8504,153,374258.06
8511,83,671823.58
8513,81,206047.46
8516,83,371964.91
8522,174,694447.39
8528,192,194522.81
8539,153,120579.59
8545,7,190524.49
8552,16,162769.04
8552,153,3391553.27
8560,80,204675.72
8564,86,186472.56
8566,65,684492.96
8571,16,59752.58
8571,60,1282776.92
8572,65,422661.67
8572,80,1249706.88
8573,65,92314.63
8578,153,735615.25
8579,153,707169.37
8581,83,1026641.89
8584,125,166318.79
8588,81,453756.98
8589,28,375839.28
8602,28,663624.6
8602,65,289823.4
8608,125,904859.62
8609,155,752189.92
8613,81,803021.22
8613,84,1049537.2
8614,155,1501027.75
8621,192,29839.64
8625,80,993912.42
8635,60,2039211.82
8638,16,70758.81
8641,16,67469.85
8642,192,524163.95
8646,65,908556.57
8653,60,914936.16
8665,153,237051.65
8666,24,430603.8
8666,83,714915.08
8670,196,88189.67
8671,171,73140.28
8677,125,394836.83
8691,81,176167.84
8691,125,113715.76
8695,84,264002.67
8705,171,991387.67
8707,153,222952.17
8708,65,2067850.92
8720,80,546791.81
8726,125,466099.51
8742,196,159712.99
8751,153,419330.15
8754,155,1164054.49
8756,24,694469.08
8757,24,91927.56
8761,125,388412.46
8768,24,595722.27
8770,60,8193074.84
8776,84,269636.1
8780,171,365827.51
8782,86,153133.2
8783,84,593908.28
8783,153,191840.13
8794,7,2558215.82
8796,86,115618.73
8802,80,542354.43
8806,16,102073.47
8812,65,59283.29
8827,83,483380.79
8838,192,101162.16
8843,125,158012.06
8844,153,325488.38
8845,125,117591.31
8848,196,1202116.23
8850,65,134896.33
8851,7,1601130.51
8851,174,121959.04
8852,84,1143396.1
8854,153,63141.94
8856,80,661099.99
8862,80,375436.15
8863,24,6519073.68
8865,86,275228.58
8869,171,168214.45
8871,155,813560.38
8878,80,375541.91
8878,81,513144.85
8879,84,1131794.76
8881,83,838644.56
8883,65,153615.78
8885,155,2055765.04
8893,125,147413.74
8929,196,151223.87
8933,16,203271.74
8936,24,3817865.92
8943,24,2612471.13
8943,196,68710.36
8945,80,389222.64
8945,192,181839.6
8958,46,304869.44
8958,153,385084.1
8959,155,501374.29
8969,153,2237093.58
8980,7,1525709.57
8983,80,328706.39
8989,84,356993.13
9001,28,444400.97
9003,65,400542.62
9008,83,1520084.26
9015,125,183471.86
9019,174,112953.42
9022,196,432531.61
9023,155,610682.28
9025,155,1120353.79
9030,81,430105.0
9031,174,42116.35
9034,84,699105.04
9038,81,248589.81
9039,196,243115.09
9043,65,1299615.76
9049,80,1392732.31
9063,153,338617.73
9064,65,865562.74
9064,125,239279.61
9068,125,299304.98
9072,24,147894.73
9072,125,158315.05
9082,65,513263.29
9082,80,216997.62
9084,60,7275029.05
9084,153,1132175.21
9086,153,1632375.67
9087,84,566969.43
9089,155,603771.65
9091,83,1806662.45
9096,84,475828.29
9101,65,1446847.65
9102,153,495370.48
9103,84,160628.19
9103,192,73629.44
9110,84,698456.15
9111,192,105307.65
9126,81,969157.59
9127,24,119562.3
9132,196,177313.87
9136,28,719162.67
9139,171,76457.22
9143,196,860133.63
9144,155,918472.01
9155,155,920262.68
9157,65,1620082.48
9162,83,712676.96
9168,171,766817.27
9171,16,349294.47
9173,174,1370997.03
9175,81,741894.27
9185,196,802986.37
9189,65,488130.07
9194,84,639046.5
9196,24,1366712.78
9203,81,397397.9
9217,60,665536.72
9218,125,67788.56
9218,192,82546.32
9222,81,288016.53
9224,171,59645.29
9226,174,158857.6
9235,153,823037.03
9248,84,843816.08
9249,24,133863.59
9267,65,326498.65
9267,81,379418.13
9267,125,174382.73
9272,80,825257.41
9279,174,187114.84
9286,24,1383665.31
9294,7,736718.51
9300,155,1423439.41
9304,24,378191.81
9304,125,725145.26
9307,16,94887.33
9312,65,412253.19
9313,81,1215474.46
9320,125,123695.57
9323,196,197523.62
9326,200,1103991.98
9339,65,366666.82
9350,125,239687.21
9356,84,366061.28
9357,60,1190195.88
9362,153,708954.09
9365,46,220530.38
9369,171,305054.35
9373,83,1326348.43
9373,84,1026453.9
9377,153,159067.25
9382,153,141382.52
9393,46,131115.8
9393,65,424648.36
9393,125,176102.86
9403,196,1016950.6
9406,84,337464.56
9414,80,2434579.32
9415,155,1566004.63
9416,81,595935.35
9422,60,456944.27
9431,155,1676889.77
9432,155,672297.97
9440,84,315343.68
9441,125,322572.11
9444,60,848985.18
9469,125,523161.65
9470,84,392376.33
9481,16,139764.85
9482,196,57344.33
9485,65,1323684.56
9500,60,865381.64
9501,196,256262.75
9502,125,238740.88
9502,153,2028429.34
9503,171,286101.79
9505,83,1520984.82
9506,28,1303822.45
9506,65,589821.11
9514,60,171371.27
9515,196,20573.82
9518,171,425592.54
9523,153,1531437.87
9524,155,1113474.3
9527,155,1103685.28
9533,80,860536.48
9533,171,408415.91
9540,24,1180730.28
9543,60,1149786.34
9544,153,83383.77
9550,125,234185.4
9561,153,415735.34
9571,153,47148.16
9575,153,323779.69
9585,84,408075.21
9596,153,974402.63
9598,125,186320.87
9599,84,1198824.99
9602,65,261076.12
9607,155,214340.8
9608,65,139025.17
9614,83,715991.31
9620,46,542373.01
9629,86,202572.84
9639,196,108047.88
9641,84,231659.34
9642,60,1472940.96
9644,28,343799.87
9646,83,287995.19
9647,46,120469.7
9647,60,1479783.1
9648,155,176535.87
9654,155,275602.13
9657,83,612941.58
9660,125,235977.62
9667,171,559751.04
9668,125,185061.98
9670,84,1144470.9
9677,7,446936.57
9678,153,729507.56
9679,80,515453.87
9682,174,232585.73
9685,60,1044914.09
9690,83,334665.09
9693,65,816973.06
9699,83,299801.29
9708,46,255110.28
9712,28,833596.17
9714,46,188692.15
9714,155,1154392.08
9717,60,1163639.03
9726,125,190684.79
9732,171,2414645.72
9738,80,1489323.46
9739,83,173850.97
9757,83,836198.45
9760,46,127451.71
9761,153,1330840.34
9762,16,86528.45
9765,200,295252.82
9768,80,1272854.81
9771,84,223706.62
9772,153,473672.59
9778,46,195207.8
9786,153,1170619.09
9805,65,1076166.29
9810,171,491539.65
9811,7,344403.54
9811,153,2209778.74
9817,155,6210869.98
9818,80,293036.06
9821,153,865635.15
9831,65,358443.02
9841,16,46135.61
9841,83,210332.27
9842,155,256965.38
9851,65,917572.01
9852,24,434808.9
9856,16,100530.52
9878,171,714007.07
9882,86,282114.27
9889,46,630124.4
9892,81,653190.11
9914,171,334397.69
9915,155,237981.39
9918,83,1223363.23
9919,24,1660747.79
9929,60,3091972.03
9930,80,239602.57
9935,28,251050.5
9937,65,618803.49
9944,24,374572.45
9945,60,568343.79
9948,60,1022059.4
9955,80,380754.79
9957,24,146298.97
9973,125,291930.0
9973,153,534490.01
9973,171,1333977.16
9979,153,100335.43
9980,153,1178174.86
9982,174,317977.27
9990,192,33223.7
9994,81,846427.51
9996,84,668530.09
